Coverage Targets,Covered MOO,Original GA,MOO,Factor
3,3,148.2393162,334.8028169,2.258529151
4,4,396.5483871,629.1538462,1.586575224
5,5,1186,1781,1.501686341
6,6,2430,3842,1.581069959
7,7,7002,29864,4.265067124
8,8,7828,45951,5.870081758
9,9,8613,58707,6.816091954
10,10,17733,238745,13.46331698
15,3,193608,1800000,9.297136482 
